Books,Ben,Moose,Reuven,Cust1,Cust2,Francois,Jim C,Iren,Cust3,Cust4,Cust5,Cust6,Cust7,Cust8,Cust9,andrew,ma,matt c,Ocelot,Cust10,crom,joe,Priscilla,Harry Potter,I. Ned,ender,Apollo,Zax,Jaluka,Sanity,Brix,sage32,clipper,YJAM,Martin,Mike,Strongbad,Brian,Douglas Anderson,chrispeh,Rudy A,McLovin,Mike Williams,Dude,Hideo,Rudy Ann,Don Wang,Anna-Carol,SubRia,Ella,Leslie,Sam,Cedric Jones,McLean,Shannon,Joshua,Jeremy,Pablo Sanchez,Scream,ROFLOL,Albus Dumbledore,Alexandra,NaRwHaLs,J-Rok,snoosh,Huxil,hidan,Leah,Boxxy,Rosanna,Claire,David,Zachary,ParseClaws,Tiffany,Sidney,Tony,Mark,NuNu,Hamza ALi,dencellia,Nathan,James,KeeLed,Megan,new_ratings,rating_distribution,read_books,liked_books,hated_books,neutral_books,unread_books,average_ratings,net_liked_book,net_hated_book,Cluster
The Hitchhiker's Guide To The Galaxy,5,5,5,4,4,4,5,0,0,0,0,3,0,4,5,4,0,0,5,5,0,4,5,0,0,5,0,0,0,0,3,0,5,0,3,5,5,5,5,0,0,0,4,0,0,0,0,0,0,0,5,0,0,0,4,0,0,0,0,5,0,0,5,5,0,0,0,0,0,0,5,0,0,5,4,0,1,5,0,0,0,0,4,0,5,"[5, 5, 5, 4, 4, 4, 5, 0, 0, 0, 0, 3, 0, 4, 5, 4, 0, 0, 5, 5, 0, 4, 5, 0, 0, 5, 0, 0, 0, 0, 3, 0, 5, 0, 3, 5, 5, 5, 5, 0, 0, 0, 4, 0, 0, 0, 0, 0, 0, 0, 5, 0, 0, 0, 4, 0, 0, 0, 0, 5, 0, 0, 5, 5, 0, 0, 0, 0, 0, 0, 5, 0, 0, 5, 4, 0, 1, 5, 0, 0, 0, 0, 4, 0, 5]","Counter({0: 49, 5: 22, 4: 10, 3: 3, 1: 1})",36,32,1,3,49,4.44,13.552941176470588,0.4235294117647059,0
Watership Down,0,5,1,4,0,4,4,0,0,0,2,3,0,0,0,4,0,4,3,0,0,0,0,0,0,0,0,4,5,0,0,0,0,0,2,0,0,0,0,0,0,0,0,0,0,0,0,0,0,0,0,4,0,0,0,0,0,0,0,0,0,0,0,0,0,0,0,0,0,0,4,0,0,5,0,0,1,4,0,0,0,0,3,0,5,"[0, 5, 1, 4, 0, 4, 4, 0, 0, 0, 2, 3, 0, 0, 0, 4, 0, 4, 3, 0, 0, 0, 0, 0, 0, 0, 0, 4, 5, 0, 0, 0, 0, 0, 2, 0, 0, 0, 0, 0, 0, 0, 0, 0, 0, 0, 0, 0, 0, 0, 0, 4, 0, 0, 0, 0, 0, 0, 0, 0, 0, 0, 0, 0, 0, 0, 0, 0, 0, 0, 4, 0, 0, 5, 0, 0, 1, 4, 0, 0, 0, 0, 3, 0, 5]","Counter({0: 65, 4: 9, 5: 4, 3: 3, 1: 2, 2: 2})",20,13,4,3,65,3.55,3.0588235294117645,0.9411764705882353,1
The Five People You Meet in Heaven,0,0,0,5,0,5,0,0,0,0,0,4,0,0,0,3,0,0,0,0,4,0,0,0,0,0,5,0,0,0,0,0,0,0,0,0,2,0,0,0,0,0,5,0,2,0,0,4,0,0,0,0,0,0,0,0,0,0,0,0,0,0,0,0,0,0,0,0,0,0,0,0,0,4,0,0,1,0,0,0,0,0,0,0,0,"[0, 0, 0, 5, 0, 5, 0, 0, 0, 0, 0, 4, 0, 0, 0, 3, 0, 0, 0, 0, 4, 0, 0, 0, 0, 0, 5, 0, 0, 0, 0, 0, 0, 0, 0, 0, 2, 0, 0, 0, 0, 0, 5, 0, 2, 0, 0, 4, 0, 0, 0, 0, 0, 0, 0, 0, 0, 0, 0, 0, 0, 0, 0, 0, 0, 0, 0, 0, 0, 0, 0, 0, 0, 4, 0, 0, 1, 0, 0, 0, 0, 0, 0, 0, 0]","Counter({0: 73, 5: 4, 4: 4, 2: 2, 3: 1, 1: 1})",12,8,3,1,73,3.67,1.1294117647058823,0.4235294117647059,1
Speak,0,0,0,0,0,0,0,0,2,0,0,4,0,5,0,0,0,0,0,0,0,0,0,0,0,0,0,0,0,0,0,0,0,0,0,0,0,0,0,0,0,0,0,0,0,0,0,0,0,0,0,0,0,0,0,0,0,0,0,0,0,0,0,0,0,0,0,0,0,0,0,0,0,0,3,0,1,0,0,0,0,0,0,5,0,"[0, 0, 0, 0, 0, 0, 0, 0, 2, 0, 0, 4, 0, 5, 0, 0, 0, 0, 0, 0, 0, 0, 0, 0, 0, 0, 0, 0, 0, 0, 0, 0, 0, 0, 0, 0, 0, 0, 0, 0, 0, 0, 0, 0, 0, 0, 0, 0, 0, 0, 0, 0, 0, 0, 0, 0, 0, 0, 0, 0, 0, 0, 0, 0, 0, 0, 0, 0, 0, 0, 0, 0, 0, 0, 3, 0, 1, 0, 0, 0, 0, 0, 0, 5, 0]","Counter({0: 79, 5: 2, 2: 1, 4: 1, 3: 1, 1: 1})",6,3,2,1,79,3.33,0.21176470588235294,0.1411764705882353,1
I Know Why the Caged Bird Sings,0,0,0,0,0,0,0,0,0,0,0,2,0,0,0,4,5,0,0,3,0,0,0,0,0,0,0,0,0,0,0,0,0,0,0,0,2,0,0,0,0,0,0,0,0,0,0,0,0,0,0,0,0,0,0,0,0,0,0,0,0,0,0,0,0,0,0,0,0,0,0,0,0,0,0,0,1,0,0,0,0,0,0,0,0,"[0, 0, 0, 0, 0, 0, 0, 0, 0, 0, 0, 2, 0, 0, 0, 4, 5, 0, 0, 3, 0, 0, 0, 0, 0, 0, 0, 0, 0, 0, 0, 0, 0, 0, 0, 0, 2, 0, 0, 0, 0, 0, 0, 0, 0, 0, 0, 0, 0, 0, 0, 0, 0, 0, 0, 0, 0, 0, 0, 0, 0, 0, 0, 0, 0, 0, 0, 0, 0, 0, 0, 0, 0, 0, 0, 0, 1, 0, 0, 0, 0, 0, 0, 0, 0]","Counter({0: 79, 2: 2, 4: 1, 5: 1, 3: 1, 1: 1})",6,2,3,1,79,2.83,0.1411764705882353,0.21176470588235294,1
Thirteen Reasons Why,0,0,0,0,0,0,0,0,0,0,0,4,0,0,0,0,0,0,0,0,0,0,0,0,0,0,0,0,0,0,0,0,0,0,0,0,0,0,0,0,0,0,0,0,0,0,0,0,0,0,0,3,0,0,0,0,0,0,0,0,0,0,0,0,0,0,0,0,0,0,0,0,0,0,0,0,1,0,0,0,0,0,0,0,0,"[0, 0, 0, 0, 0, 0, 0, 0, 0, 0, 0, 4, 0, 0, 0, 0, 0, 0, 0, 0, 0, 0, 0, 0, 0, 0, 0, 0, 0, 0, 0, 0, 0, 0, 0, 0, 0, 0, 0, 0, 0, 0, 0, 0, 0, 0, 0, 0, 0, 0, 0, 3, 0, 0, 0, 0, 0, 0, 0, 0, 0, 0, 0, 0, 0, 0, 0, 0, 0, 0, 0, 0, 0, 0, 0, 0, 1, 0, 0, 0, 0, 0, 0, 0, 0]","Counter({0: 82, 4: 1, 3: 1, 1: 1})",3,1,1,1,82,2.67,0.03529411764705882,0.03529411764705882,1
Foundation Series,0,4,2,4,0,4,4,0,0,0,0,4,0,0,4,4,0,0,0,0,0,0,5,0,0,5,0,0,0,0,0,0,0,0,0,5,0,0,0,0,0,0,5,0,0,0,0,0,0,0,0,0,0,0,0,0,0,0,0,0,0,0,0,0,0,0,0,0,0,0,0,0,0,0,0,0,1,0,0,0,0,0,4,0,0,"[0, 4, 2, 4, 0, 4, 4, 0, 0, 0, 0, 4, 0, 0, 4, 4, 0, 0, 0, 0, 0, 0, 5, 0, 0, 5, 0, 0, 0, 0, 0, 0, 0, 0, 0, 5, 0, 0, 0, 0, 0, 0, 5, 0, 0, 0, 0, 0, 0, 0, 0, 0, 0, 0, 0, 0, 0, 0, 0, 0, 0, 0, 0, 0, 0, 0, 0, 0, 0, 0, 0, 0, 0, 0, 0, 0, 1, 0, 0, 0, 0, 0, 4, 0, 0]","Counter({0: 71, 4: 8, 5: 4, 2: 1, 1: 1})",14,12,2,0,71,3.93,1.9764705882352942,0.32941176470588235,1
The Sisterhood of the Travelling Pants,3,0,1,0,0,0,0,0,0,5,0,5,0,5,0,0,0,0,0,0,0,0,0,0,0,0,4,0,0,0,0,2,3,0,0,0,1,0,0,0,0,0,0,0,0,0,0,3,0,4,0,0,0,0,0,3,0,0,0,0,3,0,0,0,0,0,0,0,0,0,5,0,0,0,2,0,3,0,3,1,0,1,2,5,0,"[3, 0, 1, 0, 0, 0, 0, 0, 0, 5, 0, 5, 0, 5, 0, 0, 0, 0, 0, 0, 0, 0, 0, 0, 0, 0, 4, 0, 0, 0, 0, 2, 3, 0, 0, 0, 1, 0, 0, 0, 0, 0, 0, 0, 0, 0, 0, 3, 0, 4, 0, 0, 0, 0, 0, 3, 0, 0, 0, 0, 3, 0, 0, 0, 0, 0, 0, 0, 0, 0, 5, 0, 0, 0, 2, 0, 3, 0, 3, 1, 0, 1, 2, 5, 0]","Counter({0: 64, 3: 7, 5: 5, 1: 4, 2: 3, 4: 2})",21,7,7,7,64,3.05,1.7294117647058824,1.7294117647058824,1
A Great and Terrible Beauty,0,0,0,0,0,0,0,0,0,0,0,5,0,0,0,0,0,0,0,0,0,0,0,0,0,0,0,3,0,0,0,0,4,0,0,0,0,0,0,0,0,0,0,0,0,0,0,0,0,0,0,0,0,0,0,0,0,0,0,0,0,0,0,0,0,0,0,0,0,0,0,0,0,0,0,0,3,0,0,0,0,0,0,0,0,"[0, 0, 0, 0, 0, 0, 0, 0, 0, 0, 0, 5, 0, 0, 0, 0, 0, 0, 0, 0, 0, 0, 0, 0, 0, 0, 0, 3, 0, 0, 0, 0, 4, 0, 0, 0, 0, 0, 0, 0, 0, 0, 0, 0, 0, 0, 0, 0, 0, 0, 0, 0, 0, 0, 0, 0, 0, 0, 0, 0, 0, 0, 0, 0, 0, 0, 0, 0, 0, 0, 0, 0, 0, 0, 0, 0, 3, 0, 0, 0, 0, 0, 0, 0, 0]","Counter({0: 81, 3: 2, 5: 1, 4: 1})",4,2,0,2,81,3.75,0.09411764705882353,0.0,1
The Da Vinci Code,3,3,3,4,0,4,0,0,0,0,0,5,0,5,0,2,4,5,0,1,2,4,0,1,3,4,0,0,3,0,0,4,0,0,0,3,0,4,4,0,0,4,5,0,0,0,0,0,5,0,5,4,4,5,5,0,0,0,0,4,0,0,0,0,0,0,0,0,0,5,4,0,0,1,5,0,1,4,0,5,0,5,0,5,4,"[3, 3, 3, 4, 0, 4, 0, 0, 0, 0, 0, 5, 0, 5, 0, 2, 4, 5, 0, 1, 2, 4, 0, 1, 3, 4, 0, 0, 3, 0, 0, 4, 0, 0, 0, 3, 0, 4, 4, 0, 0, 4, 5, 0, 0, 0, 0, 0, 5, 0, 5, 4, 4, 5, 5, 0, 0, 0, 0, 4, 0, 0, 0, 0, 0, 0, 0, 0, 0, 5, 4, 0, 0, 1, 5, 0, 1, 4, 0, 5, 0, 5, 0, 5, 4]","Counter({0: 45, 4: 15, 5: 13, 3: 6, 1: 4, 2: 2})",40,28,6,6,45,3.77,13.176470588235293,2.8235294117647056,0
The Princess Diaries,2,0,1,0,0,0,0,0,0,0,0,5,0,4,0,0,0,0,0,0,0,0,0,0,0,0,3,0,0,0,0,3,0,0,0,0,0,0,0,0,0,0,0,0,0,0,0,0,0,4,0,0,0,0,5,2,4,0,0,4,2,4,0,0,0,0,0,0,0,5,3,0,0,0,2,0,1,0,0,3,0,3,3,5,0,"[2, 0, 1, 0, 0, 0, 0, 0, 0, 0, 0, 5, 0, 4, 0, 0, 0, 0, 0, 0, 0, 0, 0, 0, 0, 0, 3, 0, 0, 0, 0, 3, 0, 0, 0, 0, 0, 0, 0, 0, 0, 0, 0, 0, 0, 0, 0, 0, 0, 4, 0, 0, 0, 0, 5, 2, 4, 0, 0, 4, 2, 4, 0, 0, 0, 0, 0, 0, 0, 5, 3, 0, 0, 0, 2, 0, 1, 0, 0, 3, 0, 3, 3, 5, 0]","Counter({0: 64, 3: 6, 4: 5, 2: 4, 5: 4, 1: 2})",21,9,6,6,64,3.24,2.223529411764706,1.4823529411764707,1
Ender's Game,5,5,5,4,0,4,0,0,0,0,0,3,5,0,4,5,0,5,5,5,0,5,4,3,0,5,0,0,0,0,0,0,0,0,4,5,0,0,0,0,0,0,5,0,0,0,0,0,0,3,0,0,0,0,0,0,0,0,0,4,0,0,5,0,0,0,0,0,0,4,0,0,0,4,0,0,3,5,0,0,0,0,0,0,5,"[5, 5, 5, 4, 0, 4, 0, 0, 0, 0, 0, 3, 5, 0, 4, 5, 0, 5, 5, 5, 0, 5, 4, 3, 0, 5, 0, 0, 0, 0, 0, 0, 0, 0, 4, 5, 0, 0, 0, 0, 0, 0, 5, 0, 0, 0, 0, 0, 0, 3, 0, 0, 0, 0, 0, 0, 0, 0, 0, 4, 0, 0, 5, 0, 0, 0, 0, 0, 0, 4, 0, 0, 0, 4, 0, 0, 3, 5, 0, 0, 0, 0, 0, 0, 5]","Counter({0: 58, 5: 15, 4: 8, 3: 4})",27,23,0,4,58,4.41,7.305882352941176,0.0,0
The Hunt for Red October,0,4,0,0,0,0,0,0,0,0,0,4,0,0,0,4,0,0,0,0,0,0,4,0,0,0,0,0,0,0,0,0,0,0,4,4,0,0,0,0,0,0,0,0,0,0,0,0,0,0,0,0,5,0,0,0,0,0,0,0,0,0,0,0,0,0,4,0,0,0,0,0,0,0,0,0,3,0,0,0,0,0,0,0,0,"[0, 4, 0, 0, 0, 0, 0, 0, 0, 0, 0, 4, 0, 0, 0, 4, 0, 0, 0, 0, 0, 0, 4, 0, 0, 0, 0, 0, 0, 0, 0, 0, 0, 0, 4, 4, 0, 0, 0, 0, 0, 0, 0, 0, 0, 0, 0, 0, 0, 0, 0, 0, 5, 0, 0, 0, 0, 0, 0, 0, 0, 0, 0, 0, 0, 0, 4, 0, 0, 0, 0, 0, 0, 0, 0, 0, 3, 0, 0, 0, 0, 0, 0, 0, 0]","Counter({0: 76, 4: 7, 5: 1, 3: 1})",9,8,0,1,76,4.0,0.8470588235294118,0.0,1
The Hunger Games,0,0,3,0,0,0,0,0,0,0,0,3,0,0,0,0,0,0,0,0,0,0,0,0,0,0,0,0,0,0,0,0,0,0,0,0,0,0,0,0,0,0,5,0,0,0,0,0,0,0,0,0,0,0,0,0,0,0,0,0,0,0,0,0,0,0,0,0,0,0,0,0,0,0,0,0,4,0,0,0,0,0,0,0,0,"[0, 0, 3, 0, 0, 0, 0, 0, 0, 0, 0, 3, 0, 0, 0, 0, 0, 0, 0, 0, 0, 0, 0, 0, 0, 0, 0, 0, 0, 0, 0, 0, 0, 0, 0, 0, 0, 0, 0, 0, 0, 0, 5, 0, 0, 0, 0, 0, 0, 0, 0, 0, 0, 0, 0, 0, 0, 0, 0, 0, 0, 0, 0, 0, 0, 0, 0, 0, 0, 0, 0, 0, 0, 0, 0, 0, 4, 0, 0, 0, 0, 0, 0, 0, 0]","Counter({0: 81, 3: 2, 5: 1, 4: 1})",4,2,0,2,81,3.75,0.09411764705882353,0.0,1
The Great Gatsby,0,5,0,0,0,0,3,0,0,0,0,3,0,0,0,3,0,2,4,0,5,5,3,0,0,0,1,0,0,0,3,0,0,0,2,0,0,5,5,0,0,0,0,0,0,0,0,0,0,0,0,0,0,0,0,0,0,0,0,0,0,0,0,0,0,0,0,0,0,2,3,0,0,4,4,3,5,4,0,3,0,3,0,0,3,"[0, 5, 0, 0, 0, 0, 3, 0, 0, 0, 0, 3, 0, 0, 0, 3, 0, 2, 4, 0, 5, 5, 3, 0, 0, 0, 1, 0, 0, 0, 3, 0, 0, 0, 2, 0, 0, 5, 5, 0, 0, 0, 0, 0, 0, 0, 0, 0, 0, 0, 0, 0, 0, 0, 0, 0, 0, 0, 0, 0, 0, 0, 0, 0, 0, 0, 0, 0, 0, 2, 3, 0, 0, 4, 4, 3, 5, 4, 0, 3, 0, 3, 0, 0, 3]","Counter({0: 61, 3: 10, 5: 6, 4: 4, 2: 3, 1: 1})",24,10,4,10,61,3.46,2.8235294117647056,1.1294117647058823,1
Ranger's Apprentice Series,5,0,3,0,0,0,0,0,0,0,0,0,0,0,0,0,0,5,0,0,0,0,0,0,0,0,0,0,0,0,0,0,0,0,0,0,0,0,0,0,0,0,0,0,3,0,0,0,0,0,0,0,0,0,0,0,0,0,0,0,0,0,0,0,0,0,0,0,0,0,0,0,0,0,0,0,1,0,0,0,0,0,0,0,0,"[5, 0, 3, 0, 0, 0, 0, 0, 0, 0, 0, 0, 0, 0, 0, 0, 0, 5, 0, 0, 0, 0, 0, 0, 0, 0, 0, 0, 0, 0, 0, 0, 0, 0, 0, 0, 0, 0, 0, 0, 0, 0, 0, 0, 3, 0, 0, 0, 0, 0, 0, 0, 0, 0, 0, 0, 0, 0, 0, 0, 0, 0, 0, 0, 0, 0, 0, 0, 0, 0, 0, 0, 0, 0, 0, 0, 1, 0, 0, 0, 0, 0, 0, 0, 0]","Counter({0: 80, 5: 2, 3: 2, 1: 1})",5,2,1,2,80,3.4,0.11764705882352941,0.058823529411764705,1
Inkheart,5,4,2,0,0,0,0,3,4,0,0,5,0,4,0,0,0,0,0,0,0,3,0,0,0,0,0,0,0,0,0,0,0,0,0,0,0,0,0,0,0,0,4,4,0,0,0,0,5,4,0,0,0,4,5,0,0,0,0,5,0,0,0,0,0,0,0,0,0,0,3,1,3,0,4,4,3,0,4,5,0,5,0,5,5,"[5, 4, 2, 0, 0, 0, 0, 3, 4, 0, 0, 5, 0, 4, 0, 0, 0, 0, 0, 0, 0, 3, 0, 0, 0, 0, 0, 0, 0, 0, 0, 0, 0, 0, 0, 0, 0, 0, 0, 0, 0, 0, 4, 4, 0, 0, 0, 0, 5, 4, 0, 0, 0, 4, 5, 0, 0, 0, 0, 5, 0, 0, 0, 0, 0, 0, 0, 0, 0, 0, 3, 1, 3, 0, 4, 4, 3, 0, 4, 5, 0, 5, 0, 5, 5]","Counter({0: 59, 4: 10, 5: 9, 3: 5, 2: 1, 1: 1})",26,19,2,5,59,3.96,5.811764705882354,0.611764705882353,0
Neuromancer,0,4,3,4,0,4,0,0,0,0,0,0,0,0,0,5,0,0,5,4,0,3,0,0,0,3,0,0,0,0,0,0,0,0,0,4,0,0,0,0,0,0,0,0,0,0,0,0,0,0,0,0,0,0,0,0,0,0,0,0,0,0,5,0,0,0,0,0,0,0,0,0,0,0,0,0,3,0,0,0,0,0,0,2,0,"[0, 4, 3, 4, 0, 4, 0, 0, 0, 0, 0, 0, 0, 0, 0, 5, 0, 0, 5, 4, 0, 3, 0, 0, 0, 3, 0, 0, 0, 0, 0, 0, 0, 0, 0, 4, 0, 0, 0, 0, 0, 0, 0, 0, 0, 0, 0, 0, 0, 0, 0, 0, 0, 0, 0, 0, 0, 0, 0, 0, 0, 0, 5, 0, 0, 0, 0, 0, 0, 0, 0, 0, 0, 0, 0, 0, 3, 0, 0, 0, 0, 0, 0, 2, 0]","Counter({0: 72, 4: 5, 3: 4, 5: 3, 2: 1})",13,8,1,4,72,3.77,1.223529411764706,0.15294117647058825,1
Lord of the Flies,0,5,1,0,3,0,0,0,0,0,0,4,0,5,3,4,2,3,4,2,5,4,0,3,4,0,0,0,0,5,3,4,2,0,2,0,0,0,0,0,0,5,4,0,0,0,0,0,4,0,0,0,5,0,0,0,0,0,0,0,0,0,0,0,3,0,0,0,0,3,4,0,0,4,3,4,5,3,4,2,2,2,3,2,3,"[0, 5, 1, 0, 3, 0, 0, 0, 0, 0, 0, 4, 0, 5, 3, 4, 2, 3, 4, 2, 5, 4, 0, 3, 4, 0, 0, 0, 0, 5, 3, 4, 2, 0, 2, 0, 0, 0, 0, 0, 0, 5, 4, 0, 0, 0, 0, 0, 4, 0, 0, 0, 5, 0, 0, 0, 0, 0, 0, 0, 0, 0, 0, 0, 3, 0, 0, 0, 0, 3, 4, 0, 0, 4, 3, 4, 5, 3, 4, 2, 2, 2, 3, 2, 3]","Counter({0: 46, 4: 12, 3: 11, 2: 8, 5: 7, 1: 1})",39,19,9,11,46,3.41,8.717647058823529,4.129411764705882,0
The Princess Bride,0,0,0,5,0,5,0,0,0,0,0,0,0,5,0,0,0,0,0,4,0,0,0,0,0,0,0,5,0,0,0,5,0,0,0,0,0,5,5,0,0,0,0,0,0,0,0,0,1,4,0,0,0,0,5,0,0,0,0,5,0,0,0,0,0,0,0,0,0,0,0,0,0,0,4,0,3,0,0,0,0,0,3,0,5,"[0, 0, 0, 5, 0, 5, 0, 0, 0, 0, 0, 0, 0, 5, 0, 0, 0, 0, 0, 4, 0, 0, 0, 0, 0, 0, 0, 5, 0, 0, 0, 5, 0, 0, 0, 0, 0, 5, 5, 0, 0, 0, 0, 0, 0, 0, 0, 0, 1, 4, 0, 0, 0, 0, 5, 0, 0, 0, 0, 5, 0, 0, 0, 0, 0, 0, 0, 0, 0, 0, 0, 0, 0, 0, 4, 0, 3, 0, 0, 0, 0, 0, 3, 0, 5]","Counter({0: 69, 5: 10, 4: 3, 3: 2, 1: 1})",16,13,1,2,69,4.31,2.447058823529412,0.18823529411764706,1
Dinotopia: A Land Apart from Time,0,0,0,0,0,0,0,0,0,0,0,0,0,0,0,0,0,0,0,0,0,3,0,0,0,0,0,0,0,0,0,0,0,0,0,0,0,0,0,0,0,0,0,0,0,0,0,0,0,0,0,0,0,0,0,0,0,0,0,0,0,0,0,0,0,0,0,0,0,0,0,0,0,0,0,0,1,0,0,4,0,4,0,0,0,"[0, 0, 0, 0, 0, 0, 0, 0, 0, 0, 0, 0, 0, 0, 0, 0, 0, 0, 0, 0, 0, 3, 0, 0, 0, 0, 0, 0, 0, 0, 0, 0, 0, 0, 0, 0, 0, 0, 0, 0, 0, 0, 0, 0, 0, 0, 0, 0, 0, 0, 0, 0, 0, 0, 0, 0, 0, 0, 0, 0, 0, 0, 0, 0, 0, 0, 0, 0, 0, 0, 0, 0, 0, 0, 0, 0, 1, 0, 0, 4, 0, 4, 0, 0, 0]","Counter({0: 81, 4: 2, 3: 1, 1: 1})",4,2,1,1,81,3.0,0.09411764705882353,0.047058823529411764,1
Far North,5,0,0,0,0,0,0,0,0,0,0,0,0,0,0,0,0,4,0,0,0,0,0,0,0,0,0,0,0,0,0,0,0,0,0,0,0,0,0,0,0,0,0,0,0,0,0,0,0,0,0,0,0,0,0,0,0,0,0,0,0,0,0,0,0,0,0,0,0,0,0,0,0,0,0,0,1,0,0,0,0,0,0,0,0,"[5, 0, 0, 0, 0, 0, 0, 0, 0, 0, 0, 0, 0, 0, 0, 0, 0, 4, 0, 0, 0, 0, 0, 0, 0, 0, 0, 0, 0, 0, 0, 0, 0, 0, 0, 0, 0, 0, 0, 0, 0, 0, 0, 0, 0, 0, 0, 0, 0, 0, 0, 0, 0, 0, 0, 0, 0, 0, 0, 0, 0, 0, 0, 0, 0, 0, 0, 0, 0, 0, 0, 0, 0, 0, 0, 0, 1, 0, 0, 0, 0, 0, 0, 0, 0]","Counter({0: 82, 5: 1, 4: 1, 1: 1})",3,2,1,0,82,3.33,0.07058823529411765,0.03529411764705882,1
Practical Magic,0,0,0,0,0,0,0,0,0,0,0,0,0,0,0,0,0,0,0,0,0,4,4,0,0,0,0,0,0,0,0,0,0,0,0,0,0,0,0,0,0,0,0,0,0,0,0,0,0,0,0,0,0,0,0,0,0,0,0,0,0,0,0,0,0,0,0,0,0,0,0,0,0,0,0,0,1,0,0,0,0,0,0,0,0,"[0, 0, 0, 0, 0, 0, 0, 0, 0, 0, 0, 0, 0, 0, 0, 0, 0, 0, 0, 0, 0, 4, 4, 0, 0, 0, 0, 0, 0, 0, 0, 0, 0, 0, 0, 0, 0, 0, 0, 0, 0, 0, 0, 0, 0, 0, 0, 0, 0, 0, 0, 0, 0, 0, 0, 0, 0, 0, 0, 0, 0, 0, 0, 0, 0, 0, 0, 0, 0, 0, 0, 0, 0, 0, 0, 0, 1, 0, 0, 0, 0, 0, 0, 0, 0]","Counter({0: 82, 4: 2, 1: 1})",3,2,1,0,82,3.0,0.07058823529411765,0.03529411764705882,1
Brave New World,0,0,0,3,0,3,4,0,0,0,0,0,0,0,0,3,2,0,4,5,0,0,5,0,2,0,5,0,4,0,4,4,0,0,0,4,1,5,5,0,0,0,0,0,0,0,0,0,0,0,0,0,0,5,0,0,0,0,0,0,0,0,0,0,5,0,0,0,0,0,2,0,0,5,0,3,3,4,0,0,0,0,1,0,0,"[0, 0, 0, 3, 0, 3, 4, 0, 0, 0, 0, 0, 0, 0, 0, 3, 2, 0, 4, 5, 0, 0, 5, 0, 2, 0, 5, 0, 4, 0, 4, 4, 0, 0, 0, 4, 1, 5, 5, 0, 0, 0, 0, 0, 0, 0, 0, 0, 0, 0, 0, 0, 0, 5, 0, 0, 0, 0, 0, 0, 0, 0, 0, 0, 5, 0, 0, 0, 0, 0, 2, 0, 0, 5, 0, 3, 3, 4, 0, 0, 0, 0, 1, 0, 0]","Counter({0: 60, 5: 8, 4: 7, 3: 5, 2: 3, 1: 2})",25,15,5,5,60,3.64,4.411764705882353,1.4705882352941178,1
The Summer Tree,0,5,0,4,0,4,0,0,0,0,0,0,0,0,0,0,0,4,0,0,0,0,0,0,0,0,0,0,0,0,0,0,0,0,0,0,0,0,0,0,0,0,0,0,0,0,0,0,0,0,0,0,0,0,0,0,0,0,0,0,0,0,0,0,0,0,0,0,0,0,0,0,0,0,0,0,3,0,0,0,0,0,0,0,0,"[0, 5, 0, 4, 0, 4, 0, 0, 0, 0, 0, 0, 0, 0, 0, 0, 0, 4, 0, 0, 0, 0, 0, 0, 0, 0, 0, 0, 0, 0, 0, 0, 0, 0, 0, 0, 0, 0, 0, 0, 0, 0, 0, 0, 0, 0, 0, 0, 0, 0, 0, 0, 0, 0, 0, 0, 0, 0, 0, 0, 0, 0, 0, 0, 0, 0, 0, 0, 0, 0, 0, 0, 0, 0, 0, 0, 3, 0, 0, 0, 0, 0, 0, 0, 0]","Counter({0: 80, 4: 3, 5: 1, 3: 1})",5,4,0,1,80,4.0,0.23529411764705882,0.0,1
Flowers For Algernon,0,0,4,3,0,3,4,0,0,0,4,0,0,0,5,4,0,0,3,5,0,0,0,0,0,0,0,0,0,0,0,0,0,0,0,5,0,4,4,0,0,0,0,0,0,0,0,0,0,0,0,0,0,0,0,0,0,0,0,0,0,0,0,0,0,0,0,0,0,0,5,0,0,5,0,0,1,0,0,0,0,0,0,0,3,"[0, 0, 4, 3, 0, 3, 4, 0, 0, 0, 4, 0, 0, 0, 5, 4, 0, 0, 3, 5, 0, 0, 0, 0, 0, 0, 0, 0, 0, 0, 0, 0, 0, 0, 0, 5, 0, 4, 4, 0, 0, 0, 0, 0, 0, 0, 0, 0, 0, 0, 0, 0, 0, 0, 0, 0, 0, 0, 0, 0, 0, 0, 0, 0, 0, 0, 0, 0, 0, 0, 5, 0, 0, 5, 0, 0, 1, 0, 0, 0, 0, 0, 0, 0, 3]","Counter({0: 69, 4: 6, 5: 5, 3: 4, 1: 1})",16,11,1,4,69,3.88,2.0705882352941174,0.18823529411764706,1
Owl in Love,0,0,0,0,0,0,0,0,0,0,0,0,0,0,0,0,0,0,3,0,0,0,0,0,0,0,0,0,0,0,0,0,0,0,0,0,0,0,0,0,0,0,0,0,0,0,0,0,0,0,0,0,0,0,0,0,0,0,0,0,0,0,0,0,0,0,0,0,0,0,0,0,0,0,0,0,3,0,0,0,0,0,0,0,0,"[0, 0, 0, 0, 0, 0, 0, 0, 0, 0, 0, 0, 0, 0, 0, 0, 0, 0, 3, 0, 0, 0, 0, 0, 0, 0, 0, 0, 0, 0, 0, 0, 0, 0, 0, 0, 0, 0, 0, 0, 0, 0, 0, 0, 0, 0, 0, 0, 0, 0, 0, 0, 0, 0, 0, 0, 0, 0, 0, 0, 0, 0, 0, 0, 0, 0, 0, 0, 0, 0, 0, 0, 0, 0, 0, 0, 3, 0, 0, 0, 0, 0, 0, 0, 0]","Counter({0: 83, 3: 2})",2,0,0,2,83,3.0,0.0,0.0,1
Naruto,0,0,0,0,0,0,0,5,5,0,0,0,3,0,0,3,0,0,0,0,0,4,0,3,0,0,0,0,0,0,0,0,0,0,0,0,0,0,0,0,0,0,0,0,0,0,0,0,0,0,0,0,0,0,5,0,0,0,0,5,0,0,5,0,0,0,5,4,0,3,0,0,5,3,1,5,1,4,0,1,3,1,1,0,5,"[0, 0, 0, 0, 0, 0, 0, 5, 5, 0, 0, 0, 3, 0, 0, 3, 0, 0, 0, 0, 0, 4, 0, 3, 0, 0, 0, 0, 0, 0, 0, 0, 0, 0, 0, 0, 0, 0, 0, 0, 0, 0, 0, 0, 0, 0, 0, 0, 0, 0, 0, 0, 0, 0, 5, 0, 0, 0, 0, 5, 0, 0, 5, 0, 0, 0, 5, 4, 0, 3, 0, 0, 5, 3, 1, 5, 1, 4, 0, 1, 3, 1, 1, 0, 5]","Counter({0: 62, 5: 9, 3: 6, 1: 5, 4: 3})",23,12,5,6,62,3.48,3.2470588235294118,1.352941176470588,1
Bleach (graphic novel),0,0,0,0,0,0,0,0,5,0,0,0,2,5,0,0,0,0,0,0,0,4,0,3,0,0,0,0,0,5,0,0,0,0,0,0,0,0,0,0,0,0,0,0,0,0,0,0,0,0,0,0,0,0,0,0,0,0,0,0,0,0,0,0,0,0,5,0,5,0,0,0,0,3,3,5,3,4,0,0,4,0,1,0,0,"[0, 0, 0, 0, 0, 0, 0, 0, 5, 0, 0, 0, 2, 5, 0, 0, 0, 0, 0, 0, 0, 4, 0, 3, 0, 0, 0, 0, 0, 5, 0, 0, 0, 0, 0, 0, 0, 0, 0, 0, 0, 0, 0, 0, 0, 0, 0, 0, 0, 0, 0, 0, 0, 0, 0, 0, 0, 0, 0, 0, 0, 0, 0, 0, 0, 0, 5, 0, 5, 0, 0, 0, 0, 3, 3, 5, 3, 4, 0, 0, 4, 0, 1, 0, 0]","Counter({0: 70, 5: 6, 3: 4, 4: 3, 2: 1, 1: 1})",15,9,2,4,70,3.8,1.5882352941176472,0.35294117647058826,1
Kiss the Dust,0,0,0,0,0,0,0,0,0,0,0,0,0,0,0,0,0,0,0,0,0,0,0,0,0,0,0,0,0,0,0,0,0,0,0,0,0,0,0,0,0,0,0,0,0,0,0,0,0,0,0,0,0,0,0,0,0,0,0,0,0,0,0,0,0,0,0,0,0,0,0,0,0,0,0,0,3,0,0,0,0,0,0,0,0,"[0, 0, 0, 0, 0, 0, 0, 0, 0, 0, 0, 0, 0, 0, 0, 0, 0, 0, 0, 0, 0, 0, 0, 0, 0, 0, 0, 0, 0, 0, 0, 0, 0, 0, 0, 0, 0, 0, 0, 0, 0, 0, 0, 0, 0, 0, 0, 0, 0, 0, 0, 0, 0, 0, 0, 0, 0, 0, 0, 0, 0, 0, 0, 0, 0, 0, 0, 0, 0, 0, 0, 0, 0, 0, 0, 0, 3, 0, 0, 0, 0, 0, 0, 0, 0]","Counter({0: 84, 3: 1})",1,0,0,1,84,3.0,0.0,0.0,1
To Kill a Mockingbird,3,4,1,0,0,0,0,0,0,0,5,0,0,5,3,4,0,3,4,4,5,5,0,0,3,0,4,0,5,0,2,4,3,0,0,5,0,3,3,4,4,1,3,4,3,2,3,3,3,1,5,3,3,5,0,4,0,0,0,0,4,0,0,0,0,0,0,0,5,3,5,0,0,4,5,0,4,5,4,2,3,2,2,3,4,"[3, 4, 1, 0, 0, 0, 0, 0, 0, 0, 5, 0, 0, 5, 3, 4, 0, 3, 4, 4, 5, 5, 0, 0, 3, 0, 4, 0, 5, 0, 2, 4, 3, 0, 0, 5, 0, 3, 3, 4, 4, 1, 3, 4, 3, 2, 3, 3, 3, 1, 5, 3, 3, 5, 0, 4, 0, 0, 0, 0, 4, 0, 0, 0, 0, 0, 0, 0, 5, 3, 5, 0, 0, 4, 5, 0, 4, 5, 4, 2, 3, 2, 2, 3, 4]","Counter({0: 33, 3: 17, 4: 15, 5: 12, 2: 5, 1: 3})",52,27,8,17,33,3.54,16.51764705882353,4.894117647058824,0
The Lion the Witch and the Wardrobe,4,5,3,4,5,4,5,3,0,0,4,0,5,5,0,5,4,4,4,4,0,4,3,0,3,0,1,5,0,5,0,0,5,3,0,5,4,0,0,0,0,4,3,0,4,0,0,4,4,3,0,0,0,0,5,0,4,0,0,5,0,4,4,0,5,3,4,0,0,5,5,0,0,3,5,4,0,3,0,5,0,5,5,0,5,"[4, 5, 3, 4, 5, 4, 5, 3, 0, 0, 4, 0, 5, 5, 0, 5, 4, 4, 4, 4, 0, 4, 3, 0, 3, 0, 1, 5, 0, 5, 0, 0, 5, 3, 0, 5, 4, 0, 0, 0, 0, 4, 3, 0, 4, 0, 0, 4, 4, 3, 0, 0, 0, 0, 5, 0, 4, 0, 0, 5, 0, 4, 4, 0, 5, 3, 4, 0, 0, 5, 5, 0, 0, 3, 5, 4, 0, 3, 0, 5, 0, 5, 5, 0, 5]","Counter({0: 35, 5: 20, 4: 19, 3: 10, 1: 1})",50,39,1,10,35,4.14,22.941176470588236,0.5882352941176471,0
The Bourne Series,0,0,0,0,0,0,0,0,0,0,0,0,5,4,0,4,0,4,0,0,0,3,0,0,0,4,0,0,0,0,0,0,0,0,0,5,0,0,0,0,0,0,0,0,0,0,0,0,4,0,5,0,5,0,5,0,0,0,0,5,0,0,0,0,0,4,0,0,0,0,0,0,0,0,0,0,0,0,0,0,0,0,0,0,5,"[0, 0, 0, 0, 0, 0, 0, 0, 0, 0, 0, 0, 5, 4, 0, 4, 0, 4, 0, 0, 0, 3, 0, 0, 0, 4, 0, 0, 0, 0, 0, 0, 0, 0, 0, 5, 0, 0, 0, 0, 0, 0, 0, 0, 0, 0, 0, 0, 4, 0, 5, 0, 5, 0, 5, 0, 0, 0, 0, 5, 0, 0, 0, 0, 0, 4, 0, 0, 0, 0, 0, 0, 0, 0, 0, 0, 0, 0, 0, 0, 0, 0, 0, 0, 5]","Counter({0: 71, 5: 7, 4: 6, 3: 1})",14,13,0,1,71,4.43,2.1411764705882352,0.0,1
Life of Pi,3,0,3,4,0,4,5,0,0,0,0,0,0,0,0,4,4,0,5,5,0,4,4,0,0,0,0,0,0,4,0,0,4,0,0,4,4,0,0,1,3,1,5,0,1,1,3,0,2,1,1,2,1,4,1,1,1,4,1,1,2,1,1,2,3,0,5,0,5,3,3,0,0,0,0,4,0,4,3,5,0,5,4,0,0,"[3, 0, 3, 4, 0, 4, 5, 0, 0, 0, 0, 0, 0, 0, 0, 4, 4, 0, 5, 5, 0, 4, 4, 0, 0, 0, 0, 0, 0, 4, 0, 0, 4, 0, 0, 4, 4, 0, 0, 1, 3, 1, 5, 0, 1, 1, 3, 0, 2, 1, 1, 2, 1, 4, 1, 1, 1, 4, 1, 1, 2, 1, 1, 2, 3, 0, 5, 0, 5, 3, 3, 0, 0, 0, 0, 4, 0, 4, 3, 5, 0, 5, 4, 0, 0]","Counter({0: 36, 4: 15, 1: 14, 3: 8, 5: 8, 2: 4})",49,23,18,8,36,2.98,13.258823529411764,10.376470588235293,0
Breathless,0,0,0,0,0,0,0,0,0,0,0,0,0,0,0,0,0,0,0,0,0,0,0,0,0,0,0,0,0,0,0,0,0,0,0,0,0,0,0,0,0,0,0,0,0,0,0,0,0,0,0,0,0,0,0,0,0,0,0,0,0,0,0,0,0,0,0,0,0,0,0,0,0,0,0,0,0,0,0,0,0,0,0,0,0,"[0, 0, 0, 0, 0, 0, 0, 0, 0, 0, 0, 0, 0, 0, 0, 0, 0, 0, 0, 0, 0, 0, 0, 0, 0, 0, 0, 0, 0, 0, 0, 0, 0, 0, 0, 0, 0, 0, 0, 0, 0, 0, 0, 0, 0, 0, 0, 0, 0, 0, 0, 0, 0, 0, 0, 0, 0, 0, 0, 0, 0, 0, 0, 0, 0, 0, 0, 0, 0, 0, 0, 0, 0, 0, 0, 0, 0, 0, 0, 0, 0, 0, 0, 0, 0]",Counter({0: 85}),0,0,0,0,85,0.0,0.0,0.0,1
Twilight Series,1,0,1,0,0,0,0,3,0,5,0,4,5,5,0,0,0,0,2,0,0,3,0,0,2,0,0,0,0,0,0,1,0,4,0,0,0,3,3,0,0,0,4,0,0,0,0,5,0,5,0,0,0,0,5,1,0,0,1,5,1,0,0,1,0,0,0,0,0,5,1,0,0,1,1,0,0,0,5,4,4,4,1,5,5,"[1, 0, 1, 0, 0, 0, 0, 3, 0, 5, 0, 4, 5, 5, 0, 0, 0, 0, 2, 0, 0, 3, 0, 0, 2, 0, 0, 0, 0, 0, 0, 1, 0, 4, 0, 0, 0, 3, 3, 0, 0, 0, 4, 0, 0, 0, 0, 5, 0, 5, 0, 0, 0, 0, 5, 1, 0, 0, 1, 5, 1, 0, 0, 1, 0, 0, 0, 0, 0, 5, 1, 0, 0, 1, 1, 0, 0, 0, 5, 4, 4, 4, 1, 5, 5]","Counter({0: 51, 1: 11, 5: 11, 4: 6, 3: 4, 2: 2})",34,17,13,4,51,3.12,6.800000000000001,5.2,0
Sabriel,0,0,0,0,0,0,0,0,0,0,0,4,0,0,0,0,0,0,0,0,0,0,0,0,0,0,0,0,0,0,0,0,0,0,0,0,0,0,0,0,0,0,0,0,0,0,0,0,0,0,0,0,0,0,0,0,0,0,0,0,0,0,5,0,0,0,0,0,0,0,5,0,0,0,0,0,4,0,0,0,0,0,0,0,0,"[0, 0, 0, 0, 0, 0, 0, 0, 0, 0, 0, 4, 0, 0, 0, 0, 0, 0, 0, 0, 0, 0, 0, 0, 0, 0, 0, 0, 0, 0, 0, 0, 0, 0, 0, 0, 0, 0, 0, 0, 0, 0, 0, 0, 0, 0, 0, 0, 0, 0, 0, 0, 0, 0, 0, 0, 0, 0, 0, 0, 0, 0, 5, 0, 0, 0, 0, 0, 0, 0, 5, 0, 0, 0, 0, 0, 4, 0, 0, 0, 0, 0, 0, 0, 0]","Counter({0: 81, 4: 2, 5: 2})",4,4,0,0,81,4.5,0.18823529411764706,0.0,1
Nineteen Eighty-Four (1984),0,5,4,3,4,3,0,0,0,0,5,0,0,0,0,5,2,0,4,5,5,4,5,4,0,0,4,0,4,0,4,0,0,0,2,4,1,5,5,0,0,0,0,0,0,0,0,0,0,0,0,0,0,5,0,0,0,0,0,0,0,0,0,0,0,0,0,0,0,0,0,0,0,5,0,0,0,0,0,0,0,0,0,0,0,"[0, 5, 4, 3, 4, 3, 0, 0, 0, 0, 5, 0, 0, 0, 0, 5, 2, 0, 4, 5, 5, 4, 5, 4, 0, 0, 4, 0, 4, 0, 4, 0, 0, 0, 2, 4, 1, 5, 5, 0, 0, 0, 0, 0, 0, 0, 0, 0, 0, 0, 0, 0, 0, 5, 0, 0, 0, 0, 0, 0, 0, 0, 0, 0, 0, 0, 0, 0, 0, 0, 0, 0, 0, 5, 0, 0, 0, 0, 0, 0, 0, 0, 0, 0, 0]","Counter({0: 61, 5: 10, 4: 9, 3: 2, 2: 2, 1: 1})",24,19,3,2,61,4.04,5.364705882352941,0.8470588235294118,0
Eragon,5,2,2,4,3,4,0,5,3,1,0,4,4,5,0,0,0,5,0,0,0,3,0,0,4,0,0,5,0,0,0,0,0,4,2,0,0,4,4,0,0,0,5,0,5,0,4,0,4,3,5,0,0,5,5,0,0,4,0,5,0,0,5,0,4,0,5,0,0,0,4,3,4,0,3,5,0,4,0,3,0,3,0,5,4,"[5, 2, 2, 4, 3, 4, 0, 5, 3, 1, 0, 4, 4, 5, 0, 0, 0, 5, 0, 0, 0, 3, 0, 0, 4, 0, 0, 5, 0, 0, 0, 0, 0, 4, 2, 0, 0, 4, 4, 0, 0, 0, 5, 0, 5, 0, 4, 0, 4, 3, 5, 0, 0, 5, 5, 0, 0, 4, 0, 5, 0, 0, 5, 0, 4, 0, 5, 0, 0, 0, 4, 3, 4, 0, 3, 5, 0, 4, 0, 3, 0, 3, 0, 5, 4]","Counter({0: 42, 4: 16, 5: 15, 3: 8, 2: 3, 1: 1})",43,31,4,8,42,3.95,15.68235294117647,2.023529411764706,0
Hatchet,5,0,4,0,0,0,0,0,3,0,4,0,0,5,0,5,0,0,0,0,0,0,0,0,3,0,0,0,0,0,0,3,0,0,0,0,3,5,5,0,5,0,5,0,0,3,0,4,4,0,0,0,4,0,0,0,0,0,0,5,0,0,0,0,5,0,0,0,5,0,4,0,0,0,4,5,0,0,0,0,0,0,5,0,0,"[5, 0, 4, 0, 0, 0, 0, 0, 3, 0, 4, 0, 0, 5, 0, 5, 0, 0, 0, 0, 0, 0, 0, 0, 3, 0, 0, 0, 0, 0, 0, 3, 0, 0, 0, 0, 3, 5, 5, 0, 5, 0, 5, 0, 0, 3, 0, 4, 4, 0, 0, 0, 4, 0, 0, 0, 0, 0, 0, 5, 0, 0, 0, 0, 5, 0, 0, 0, 5, 0, 4, 0, 0, 0, 4, 5, 0, 0, 0, 0, 0, 0, 5, 0, 0]","Counter({0: 61, 5: 12, 4: 7, 3: 5})",24,19,0,5,61,4.29,5.364705882352941,0.0,0
My Sister's Keeper,0,0,0,0,0,0,0,0,0,0,0,4,0,5,0,0,0,0,0,0,0,0,0,0,0,0,0,0,0,0,0,0,0,0,0,0,0,0,0,0,0,0,0,0,0,0,0,0,3,0,0,0,0,0,5,0,0,0,0,5,0,0,0,0,0,0,0,0,0,0,0,0,0,0,5,0,4,0,0,4,0,4,0,5,0,"[0, 0, 0, 0, 0, 0, 0, 0, 0, 0, 0, 4, 0, 5, 0, 0, 0, 0, 0, 0, 0, 0, 0, 0, 0, 0, 0, 0, 0, 0, 0, 0, 0, 0, 0, 0, 0, 0, 0, 0, 0, 0, 0, 0, 0, 0, 0, 0, 3, 0, 0, 0, 0, 0, 5, 0, 0, 0, 0, 5, 0, 0, 0, 0, 0, 0, 0, 0, 0, 0, 0, 0, 0, 0, 5, 0, 4, 0, 0, 4, 0, 4, 0, 5, 0]","Counter({0: 75, 5: 5, 4: 4, 3: 1})",10,9,0,1,75,4.4,1.0588235294117647,0.0,1
The Golden Compass,5,0,3,4,0,4,0,0,2,1,4,5,0,4,0,4,0,0,5,0,0,5,0,0,4,0,0,0,0,0,0,0,5,0,0,5,5,0,0,0,0,0,5,0,0,0,0,0,2,4,0,0,0,0,5,0,4,0,0,5,0,4,0,0,2,0,0,0,0,0,5,5,3,0,4,0,0,0,3,3,0,3,5,5,4,"[5, 0, 3, 4, 0, 4, 0, 0, 2, 1, 4, 5, 0, 4, 0, 4, 0, 0, 5, 0, 0, 5, 0, 0, 4, 0, 0, 0, 0, 0, 0, 0, 5, 0, 0, 5, 5, 0, 0, 0, 0, 0, 5, 0, 0, 0, 0, 0, 2, 4, 0, 0, 0, 0, 5, 0, 4, 0, 0, 5, 0, 4, 0, 0, 2, 0, 0, 0, 0, 0, 5, 5, 3, 0, 4, 0, 0, 0, 3, 3, 0, 3, 5, 5, 4]","Counter({0: 51, 5: 14, 4: 11, 3: 5, 2: 3, 1: 1})",34,25,4,5,51,4.0,10.0,1.6,0
Harry Potter Series,5,5,5,4,4,4,0,5,5,5,5,5,5,5,0,4,4,5,4,4,0,4,0,5,3,0,4,5,0,5,0,5,5,0,5,4,5,5,5,0,4,2,5,4,5,4,4,0,0,0,1,0,0,5,5,5,0,0,4,5,5,0,2,1,5,0,5,0,0,5,5,3,0,4,5,5,0,0,4,4,5,4,3,5,5,"[5, 5, 5, 4, 4, 4, 0, 5, 5, 5, 5, 5, 5, 5, 0, 4, 4, 5, 4, 4, 0, 4, 0, 5, 3, 0, 4, 5, 0, 5, 0, 5, 5, 0, 5, 4, 5, 5, 5, 0, 4, 2, 5, 4, 5, 4, 4, 0, 0, 0, 1, 0, 0, 5, 5, 5, 0, 0, 4, 5, 5, 0, 2, 1, 5, 0, 5, 0, 0, 5, 5, 3, 0, 4, 5, 5, 0, 0, 4, 4, 5, 4, 3, 5, 5]","Counter({5: 36, 0: 23, 4: 19, 3: 3, 2: 2, 1: 2})",62,55,4,3,23,4.37,40.11764705882353,2.9176470588235293,0
Holes,5,0,3,0,0,0,0,4,4,0,4,5,0,5,0,0,0,4,0,0,0,0,0,0,0,0,4,0,0,0,0,4,0,4,0,0,3,4,4,0,0,0,4,4,5,3,4,4,0,5,5,0,5,5,5,0,0,3,0,5,0,0,4,0,4,0,5,0,0,5,5,0,5,4,5,0,2,0,4,5,0,5,4,5,5,"[5, 0, 3, 0, 0, 0, 0, 4, 4, 0, 4, 5, 0, 5, 0, 0, 0, 4, 0, 0, 0, 0, 0, 0, 0, 0, 4, 0, 0, 0, 0, 4, 0, 4, 0, 0, 3, 4, 4, 0, 0, 0, 4, 4, 5, 3, 4, 4, 0, 5, 5, 0, 5, 5, 5, 0, 0, 3, 0, 5, 0, 0, 4, 0, 4, 0, 5, 0, 0, 5, 5, 0, 5, 4, 5, 0, 2, 0, 4, 5, 0, 5, 4, 5, 5]","Counter({0: 43, 5: 19, 4: 18, 3: 4, 2: 1})",42,37,1,4,43,4.31,18.28235294117647,0.49411764705882355,0
Shonen Jump Series,0,0,0,0,0,0,0,5,0,0,0,0,0,0,0,2,0,0,0,0,0,5,0,0,0,0,0,0,0,0,0,4,0,0,0,0,0,0,0,0,0,0,0,0,0,0,0,0,0,0,0,0,0,0,0,0,0,0,0,0,0,0,0,0,0,0,5,3,0,0,0,0,5,0,0,4,0,0,0,0,4,0,0,0,0,"[0, 0, 0, 0, 0, 0, 0, 5, 0, 0, 0, 0, 0, 0, 0, 2, 0, 0, 0, 0, 0, 5, 0, 0, 0, 0, 0, 0, 0, 0, 0, 4, 0, 0, 0, 0, 0, 0, 0, 0, 0, 0, 0, 0, 0, 0, 0, 0, 0, 0, 0, 0, 0, 0, 0, 0, 0, 0, 0, 0, 0, 0, 0, 0, 0, 0, 5, 3, 0, 0, 0, 0, 5, 0, 0, 4, 0, 0, 0, 0, 4, 0, 0, 0, 0]","Counter({0: 76, 5: 4, 4: 3, 2: 1, 3: 1})",9,7,1,1,76,4.11,0.7411764705882353,0.10588235294117647,1
The Shadow Club,5,0,0,0,0,0,0,0,0,0,0,2,0,0,0,0,0,4,0,0,0,0,0,0,0,0,0,0,0,0,0,0,0,0,0,0,0,0,0,0,0,0,0,0,0,0,0,0,0,0,0,0,0,0,0,0,0,0,0,0,0,0,0,0,0,0,0,0,0,0,0,0,0,0,0,0,1,0,0,0,0,0,0,0,0,"[5, 0, 0, 0, 0, 0, 0, 0, 0, 0, 0, 2, 0, 0, 0, 0, 0, 4, 0, 0, 0, 0, 0, 0, 0, 0, 0, 0, 0, 0, 0, 0, 0, 0, 0, 0, 0, 0, 0, 0, 0, 0, 0, 0, 0, 0, 0, 0, 0, 0, 0, 0, 0, 0, 0, 0, 0, 0, 0, 0, 0, 0, 0, 0, 0, 0, 0, 0, 0, 0, 0, 0, 0, 0, 0, 0, 1, 0, 0, 0, 0, 0, 0, 0, 0]","Counter({0: 81, 5: 1, 2: 1, 4: 1, 1: 1})",4,2,2,0,81,3.0,0.09411764705882353,0.09411764705882353,1
Bone Series,5,0,0,5,4,5,0,0,3,0,0,0,0,5,0,0,0,0,0,0,0,3,0,0,0,0,0,4,0,0,0,0,0,0,0,0,0,0,0,0,0,0,0,5,0,0,0,0,0,0,0,0,0,0,5,0,0,4,0,0,0,0,0,3,1,0,0,0,0,0,0,0,0,4,2,4,1,0,0,0,0,0,0,0,0,"[5, 0, 0, 5, 4, 5, 0, 0, 3, 0, 0, 0, 0, 5, 0, 0, 0, 0, 0, 0, 0, 3, 0, 0, 0, 0, 0, 4, 0, 0, 0, 0, 0, 0, 0, 0, 0, 0, 0, 0, 0, 0, 0, 5, 0, 0, 0, 0, 0, 0, 0, 0, 0, 0, 5, 0, 0, 4, 0, 0, 0, 0, 0, 3, 1, 0, 0, 0, 0, 0, 0, 0, 0, 4, 2, 4, 1, 0, 0, 0, 0, 0, 0, 0, 0]","Counter({0: 68, 5: 6, 4: 5, 3: 3, 1: 2, 2: 1})",17,11,3,3,68,3.71,2.2,0.6000000000000001,1
Maus: A Survivor's Tale,0,0,0,0,0,0,0,0,0,0,4,0,0,0,0,5,0,0,0,5,0,0,0,0,0,0,0,0,0,0,0,0,0,0,0,5,5,0,0,0,0,0,0,0,0,0,0,0,0,0,0,0,0,0,0,0,0,0,0,0,0,0,0,0,0,0,0,0,0,0,0,0,0,0,0,0,1,0,0,0,0,0,0,0,0,"[0, 0, 0, 0, 0, 0, 0, 0, 0, 0, 4, 0, 0, 0, 0, 5, 0, 0, 0, 5, 0, 0, 0, 0, 0, 0, 0, 0, 0, 0, 0, 0, 0, 0, 0, 5, 5, 0, 0, 0, 0, 0, 0, 0, 0, 0, 0, 0, 0, 0, 0, 0, 0, 0, 0, 0, 0, 0, 0, 0, 0, 0, 0, 0, 0, 0, 0, 0, 0, 0, 0, 0, 0, 0, 0, 0, 1, 0, 0, 0, 0, 0, 0, 0, 0]","Counter({0: 79, 5: 4, 4: 1, 1: 1})",6,5,1,0,79,4.17,0.3529411764705882,0.07058823529411765,1
The Joy Luck Club,0,0,0,0,4,0,4,0,0,0,0,0,0,0,0,3,0,0,0,0,0,0,0,0,4,0,4,0,5,0,0,3,4,0,3,0,0,0,0,0,0,0,0,0,0,0,0,0,0,0,0,0,0,0,0,0,0,0,0,0,0,0,0,0,0,0,0,0,0,0,0,0,0,0,0,0,0,0,0,0,0,0,0,0,0,"[0, 0, 0, 0, 4, 0, 4, 0, 0, 0, 0, 0, 0, 0, 0, 3, 0, 0, 0, 0, 0, 0, 0, 0, 4, 0, 4, 0, 5, 0, 0, 3, 4, 0, 3, 0, 0, 0, 0, 0, 0, 0, 0, 0, 0, 0, 0, 0, 0, 0, 0, 0, 0, 0, 0, 0, 0, 0, 0, 0, 0, 0, 0, 0, 0, 0, 0, 0, 0, 0, 0, 0, 0, 0, 0, 0, 0, 0, 0, 0, 0, 0, 0, 0, 0]","Counter({0: 76, 4: 5, 3: 3, 5: 1})",9,6,0,3,76,3.78,0.6352941176470588,0.0,1
The Lord of the Rings,0,5,3,4,4,4,4,5,0,0,5,0,0,5,2,5,2,5,0,0,4,3,2,4,0,5,0,5,0,0,0,0,5,5,4,5,3,4,4,0,0,4,3,0,5,0,0,0,4,0,5,0,0,0,5,0,0,0,0,5,0,0,5,0,5,0,5,0,0,0,5,0,0,0,5,5,5,0,0,3,2,3,1,4,5,"[0, 5, 3, 4, 4, 4, 4, 5, 0, 0, 5, 0, 0, 5, 2, 5, 2, 5, 0, 0, 4, 3, 2, 4, 0, 5, 0, 5, 0, 0, 0, 0, 5, 5, 4, 5, 3, 4, 4, 0, 0, 4, 3, 0, 5, 0, 0, 0, 4, 0, 5, 0, 0, 0, 5, 0, 0, 0, 0, 5, 0, 0, 5, 0, 5, 0, 5, 0, 0, 0, 5, 0, 0, 0, 5, 5, 5, 0, 0, 3, 2, 3, 1, 4, 5]","Counter({0: 39, 5: 23, 4: 12, 3: 6, 2: 4, 1: 1})",46,35,5,6,39,4.13,18.941176470588236,2.705882352941176,0
The Hobbit,5,5,4,3,5,3,4,4,3,2,5,0,0,5,0,4,2,5,4,0,4,5,3,0,0,4,2,5,0,0,0,0,5,5,5,4,3,5,5,0,0,0,2,2,5,0,4,4,4,0,5,0,0,5,5,0,0,0,0,5,0,0,5,0,5,4,5,0,0,2,5,0,5,0,5,5,5,0,0,1,4,1,5,3,5,"[5, 5, 4, 3, 5, 3, 4, 4, 3, 2, 5, 0, 0, 5, 0, 4, 2, 5, 4, 0, 4, 5, 3, 0, 0, 4, 2, 5, 0, 0, 0, 0, 5, 5, 5, 4, 3, 5, 5, 0, 0, 0, 2, 2, 5, 0, 4, 4, 4, 0, 5, 0, 0, 5, 5, 0, 0, 0, 0, 5, 0, 0, 5, 0, 5, 4, 5, 0, 0, 2, 5, 0, 5, 0, 5, 5, 5, 0, 0, 1, 4, 1, 5, 3, 5]","Counter({0: 30, 5: 28, 4: 13, 3: 6, 2: 6, 1: 2})",55,41,8,6,30,4.07,26.529411764705884,5.176470588235294,0
Shattered,5,0,3,0,0,0,0,0,0,0,0,0,0,0,0,0,0,4,0,0,0,0,0,0,0,0,0,0,0,0,0,0,0,0,0,0,0,0,0,0,0,0,0,0,0,0,0,0,0,0,0,3,0,0,0,0,0,0,0,0,0,0,0,0,0,0,0,0,0,0,0,0,0,0,4,0,3,0,0,0,0,0,0,0,0,"[5, 0, 3, 0, 0, 0, 0, 0, 0, 0, 0, 0, 0, 0, 0, 0, 0, 4, 0, 0, 0, 0, 0, 0, 0, 0, 0, 0, 0, 0, 0, 0, 0, 0, 0, 0, 0, 0, 0, 0, 0, 0, 0, 0, 0, 0, 0, 0, 0, 0, 0, 3, 0, 0, 0, 0, 0, 0, 0, 0, 0, 0, 0, 0, 0, 0, 0, 0, 0, 0, 0, 0, 0, 0, 4, 0, 3, 0, 0, 0, 0, 0, 0, 0, 0]","Counter({0: 79, 3: 3, 4: 2, 5: 1})",6,3,0,3,79,3.67,0.21176470588235294,0.0,1
The War Of The Worlds,5,4,5,0,4,0,0,4,0,0,0,4,5,5,0,4,0,0,3,0,0,0,3,0,0,5,0,0,0,0,0,0,0,5,2,0,0,0,0,0,0,0,0,0,0,0,0,0,0,0,0,0,5,3,5,0,0,0,0,0,0,0,0,0,0,3,0,0,0,0,3,0,0,0,5,0,3,0,0,0,0,0,2,0,5,"[5, 4, 5, 0, 4, 0, 0, 4, 0, 0, 0, 4, 5, 5, 0, 4, 0, 0, 3, 0, 0, 0, 3, 0, 0, 5, 0, 0, 0, 0, 0, 0, 0, 5, 2, 0, 0, 0, 0, 0, 0, 0, 0, 0, 0, 0, 0, 0, 0, 0, 0, 0, 5, 3, 5, 0, 0, 0, 0, 0, 0, 0, 0, 0, 0, 3, 0, 0, 0, 0, 3, 0, 0, 0, 5, 0, 3, 0, 0, 0, 0, 0, 2, 0, 5]","Counter({0: 62, 5: 10, 3: 6, 4: 5, 2: 2})",23,15,2,6,62,4.0,4.0588235294117645,0.5411764705882353,1
Dealing with Dragons,5,0,3,0,0,0,0,0,0,0,5,3,0,0,0,0,0,0,0,0,0,0,0,0,0,0,0,0,0,0,0,0,0,0,0,0,0,0,0,0,0,0,0,0,0,0,0,0,0,0,0,0,0,0,0,0,0,0,0,0,0,0,0,0,0,0,0,0,0,0,0,0,0,0,0,0,3,0,0,0,0,0,0,0,0,"[5, 0, 3, 0, 0, 0, 0, 0, 0, 0, 5, 3, 0, 0, 0, 0, 0, 0, 0, 0, 0, 0, 0, 0, 0, 0, 0, 0, 0, 0, 0, 0, 0, 0, 0, 0, 0, 0, 0, 0, 0, 0, 0, 0, 0, 0, 0, 0, 0, 0, 0, 0, 0, 0, 0, 0, 0, 0, 0, 0, 0, 0, 0, 0, 0, 0, 0, 0, 0, 0, 0, 0, 0, 0, 0, 0, 3, 0, 0, 0, 0, 0, 0, 0, 0]","Counter({0: 80, 3: 3, 5: 2})",5,2,0,3,80,3.8,0.11764705882352941,0.0,1
The Chrysalids,1,0,4,0,4,0,0,1,0,2,0,3,5,5,4,0,0,0,0,0,0,0,2,0,2,4,3,3,0,0,4,5,0,0,0,0,4,0,0,0,0,0,0,0,0,0,0,0,0,0,0,0,0,5,0,0,0,0,0,0,0,0,0,0,0,0,0,0,0,0,3,5,0,2,4,0,3,5,0,0,0,0,5,0,0,"[1, 0, 4, 0, 4, 0, 0, 1, 0, 2, 0, 3, 5, 5, 4, 0, 0, 0, 0, 0, 0, 0, 2, 0, 2, 4, 3, 3, 0, 0, 4, 5, 0, 0, 0, 0, 4, 0, 0, 0, 0, 0, 0, 0, 0, 0, 0, 0, 0, 0, 0, 0, 0, 5, 0, 0, 0, 0, 0, 0, 0, 0, 0, 0, 0, 0, 0, 0, 0, 0, 3, 5, 0, 2, 4, 0, 3, 5, 0, 0, 0, 0, 5, 0, 0]","Counter({0: 60, 4: 7, 5: 7, 3: 5, 2: 4, 1: 2})",25,14,6,5,60,3.52,4.11764705882353,1.7647058823529411,1
